Feature,VIF
AMT_INCOME_TOTAL,1.5476671768716863
AMT_CREDIT,7.942438511819555
AMT_ANNUITY,10.109672069428223
DAYS_BIRTH,3.6846923128216225
